LION.ID,State,County,City,Organization,Website,Type,LION OutletsCounty
1,AL,Jefferson County,Birmingham,Birmingham Watch,birminghamwatch.org,Online News Organization,Jefferson
2,AL,Colbert County,Muscle Shoals,The Shoals Insider,shoalsinsider.com,Online News Organization,Colbert
3,AL,Jefferson County,Birmingham,Weld,weldbham.com,Online News Organization,Jefferson
4,AR,Pope County,Russellville,The Local Rundown,thelocalrundown.com,Online News Organization,Pope
5,AR,Sebastian County,Fort Smith,Inside Fort Smith,insidefortsmith.com,Online News Organization,Sebastian
6,AR,Hempstead County,Hope,Hempstead Herald,hempsteadherald.com,Online News Organization,Hempstead
7,AR,Drew County,Monticello,Monticello Live,monticellolive.com,Online News Organization,Drew
8,AR,Pope County,Russellville,River valley Leader,rivervalleyleader.com,Online News Organization,Pope
9,AR,Columbia County,Magnolia,Magnolia Reporter,magnoliareporter.com,Online News Organization,Columbia
10,AR,Drew County,Monticello,Seark Today,SEARKtododay.com,Online News Organization,Drew
11,AR,Drew County,Monticello,Saline River Chronicle,salineriverchronicle.com,Online News Organization,Drew
12,AR,Washington County,Fayetteville,Fayetteville Flyer,fayettevilleflyer.com,Online News Organization,Washington
13,AR,Hempstead County,Hope,Hope Prescott,hopeprescott.com,Online News Organization,Hempstead
14,AZ,Pima County,Tucson,Tucson Sentinel,tucsonsentinel.com,Online News Organization,Pima
15,AZ,Maricopa County,Phoenix,Arizona Center for Investigative Reporting,azcir.org,Online News Organization,Maricopa
16,AZ,Maricopa County,Mesa,My News Mesa,mynewsmesa.com,Online News Organization,Maricopa
17,CA,Los Angeles County,Long Beach,Everything Long Beach,everythinglonbeach.com,Online News Organization,Los Angeles
18,CA,Santa Barbara County,Santa Barbara,Noozhawk,noozhawk.com,Online News Organization,Santa Barbara
19,CA,San Diego County,San Diego,Times of San Diego,timesofsandiego.com,Online News Organization,San Diego
20,CA,San Diego County,Escondido,Escondido Grapevine,escondidograpevine.com,Online News Organization,San Diego
21,CA,Los Angeles County,Long Beach,OC Indy,ocindy.com,Online News Organization,Los Angeles
22,CA,Sacramento County,Sacramento,Voices: River City,voicesrivercity.com,Online News Organization,Sacramento
23,CA,Sacramento County,Sacramento,Cal Matters,calmatters.org,Online News Organization,Sacramento
24,CA,Sacramento County,Sacramento,Sacramento Press,sacramentopress.com,Online News Organization,Sacramento
25,CA,Riverside County,Menifee,Menifee 24-7,menifee247.com,Online News Organization,Riverside
26,CA,Los Angeles County,Los Angeles,Leimert Park Beat,leimertparkbeat.com,Online News Organization,Los Angeles
27,CA,Lake County,Lakeport,Lake County News,lakeconews.com,Online News Organization,Lake
28,CA,Alameda County,Oakland,California Health Report,calhealthreport.org,Online News Organization,Alameda
29,CA,Los Angeles County,Altadena,Altadena Now,altadena-now.com,Online News Organization,Los Angeles
30,CA,Los Angeles County,Pasadena,Pasadena Now,pasadenanow.com,Online News Organization,Los Angeles
31,CA,Los Angeles County,Culver City,Calbuzz,calbuzz.com,Online News Organization,Los Angeles
32,CA,Los Angeles County,Los Angeles,The Eastsider,theeastsiderla.com,Online News Organization,Los Angeles
33,CA,Riverside County,Cathedral City,Coachella Valley Independent,cvindependent.com,Online News Organization,Riverside
34,CA,Monterey County,Monterey,Voices of Monterey Bay,,Online News Organization,Monterey
35,CA,Mendocino County,Ukiah,Mendocino Voice,mendovoice.com,Online News Organization,Mendocino
36,CA,Alameda County,Berkeley,Berkeleyside,berkeleyside.com,Online News Organization,Alameda
37,CA,San Benito County,Hollister,Benito Link,benitolink.com,Online News Organization,San Benito
38,CA,Butte County,Chico,Chico Sol,chicosol.org,Online News Organization,Butte
39,CA,San Francisco County,San Francisco,San Francisco Public Press,sfpublicpress.org,Online News Organization,San Francisco
40,CA,Alameda County,Oakland,Edsource,edsource.org,Online News Organization,Alameda
41,CA,San Francisco County,San Francisco,Mission Local,missionlocal.com,Online News Organization,San Francisco
42,CA,Alameda County,Alameda,The Alamedan,thealamedan.org,Online News Organization,Alameda
43,CA,Contra Costa County,Antioch,East County Today,http://eastcountytoday.net/,Online News Organization,Contra Costa
44,CA,Orange County,Santa Ana,Voice of Orange County,voiceofoc.org,Online News Organization,Orange
45,CA,Los Angeles County,Los Angeles,Larchmont Buzz,larchmontbuzz.com,Online News Organization,Los Angeles
46,CA,Los Angeles County,Los Angeles,Venice Dispatch,venicedispatch.info,Online News Organization,Los Angeles
47,CA,Los Angeles County,Alhambra,Alhambra Source,alhambrasource.org,Online News Organization,Los Angeles
48,CA,Alameda County,Emeryville,Eville Eye,evilleeye.com,Online News Organization,Alameda
49,CA,San Diego County,San Diego,Voice of San Diego,voiceofsandiego.com,Online News Organization,San Diego
50,CA,San Diego County,Coronado,Coronado Times,coronadotimes.com,Online News Organization,San Diego
51,CA,Nevada County,Nevada City,YubaNet,yubanet.com,Online News Organization,Nevada
52,CA,Alameda County,Oakland,Oakland Local,oaklandlocal.com,Online News Organization,Alameda
53,CA,San Francisco County,San Francisco,By the Bay,bythebay.cool,Online News Organization,San Francisco
54,CA,Santa Barbara County,Santa Barbara,Edhat,edhat.com,Online News Organization,Santa Barbara
55,CA,Los Angeles County,Silver Lake,Silver Lake Star,silverlakestar.com,Online News Organization,Los Angeles
56,CA,County,Central coast,On the 101,http://onthe101.com/,Online News Organization,
57,CO,Jefferson County,Golden,Golden Today,GoldenToday.com,Online News Organization,Jefferson
58,CO,Pitkin County,Aspen,Aspen Journalism,aspenjournalism.org,Online News Organization,Pitkin
59,CO,Denver County,Denver,Confluence Denver,confluence-denver.com,Online News Organization,Denver
60,CO,San Miguel County,Telluride,San Juan Independent,sjindependent.org,Online News Organization,San Miguel
61,CO,Denver County,Denver,Denverite,denverite.com,Online News Organization,Denver
62,CO,Denver County,Denver,Empowering Colorado,empoweringco.com,Online News Organization,Denver
63,CO,Boulder County,Longmont,Longmont Observer,longmontobserver.org,Online News Organization,Boulder
64,CO,Denver County,Denver,Colorado Independent,coloradoindependent.com,Online News Organization,Denver
530,CO,Denver County,Denver,Colorado Sun,https://coloradosun.com/,Online News Organization,Denver
65,CT,Fairfield County,Stamford,Hey Stamford,,Online News Organization,Fairfield
66,CT,Hartford County,Hartford,CT Mirror,ctmirror.org,Online News Organization,Hartford
67,CT,Fairfield County,Bridgeport,The Ruden Report,therudenreport.com,Online News Organization,Fairfield
68,CT,Hartford County,Farmington,CT Latino News,http://ctlatinonews.com/,Online News Organization,Hartford
69,CT,Hartford County,Hartford,CTNewsJunkie,ctnewsjunkie.com,Online News Organization,Hartford
70,CT,Litchfield County,Litchfield,Litchfield.bz,litchfield.bz,Online News Organization,Litchfield
71,CT,Fairfield County,Danbury,Tribuna,http://tribunainenglish.com/,Online News Organization,Fairfield
72,CT,New Haven County,Derby,Valley Independent Sentinel,valleyindy.org,Online News Organization,New Haven
73,CT,Fairfield County,Wilton,Good Morning Wilton,goodmorningwilton.com,Online News Organization,Fairfield
74,CT,Hartford County,Canton,Canton Compass,cantoncompass.com,Online News Organization,Hartford
75,CT,New Haven County,Hamden,Hamden Times,http://hnhtimes.com/,Online News Organization,New Haven
76,CT,Hartford County,West Hartford,We-Ha.com,We-Ha.com,Online News Organization,Hartford
77,CT,Fairfield County,Bridgeport,Only in Bridgeport,onlyinbridgeport.com,Online News Organization,Fairfield
78,CT,Fairfield County,Greenwich,Greenwich Free Press,greenwichfreepress.com,Online News Organization,Fairfield
79,CT,New Haven County,New Haven,Connecticut Health Investigation Team,c-hit.org,Online News Organization,New Haven
80,CT,New Haven County,Branford,Branford Eagle,branfordeagle.org,Online News Organization,New Haven
81,CT,Fairfield County,New Canaan,New Canaanite,newcanaanite.com,Online News Organization,Fairfield
82,CT,Fairfield County,Norwalk,Nancy on Norwalk,nancyonnorwalk.com,Online News Organization,Fairfield
83,CT,New London County,Old Lyme,Lyme Line,lymeline.com,Online News Organization,New London
84,CT,Middlesex County,Old Saybrook,Old Saybrook Now,oldsaybrooknow.com,Online News Organization,Middlesex
85,CT,Middlesex County,Essex,Valley News Now,valleynewsnow.com,Online News Organization,Middlesex
86,CT,New Haven County,New Haven,New Haven Independent,newhavenindependent.org,Online News Organization,New Haven
87,CT,New Haven County,Branford,Branford Seven,branfordseven.com,Online News Organization,New Haven
88,CT,Litchfield County,Torrington,Litchfield County Sports,litchfieldcountysports.com,Online News Organization,Litchfield
89,CT,Middlesex County,Haddam,Haddam Now,haddamnow.com,Online News Organization,Middlesex
90,CT,Fairfield County,Weston,Weston Today,weston-today.com,Online News Organization,Fairfield
91,CT,Fairfield County,,Fairfield County Moms,,Online News Organization,Fairfield
92,CT,Fairfield County,Redding/Easton,Hello News CT,http://hellonewsct.com/,Online News Organization,Fairfield
93,CT,Fairfield County,Westport,Westport Now,westportnow.com,Online News Organization,Fairfield
94,CT,Hartford County,Hartford,CTNewsJunkie,ctnewsjunkie.com,Online News Organization,Hartford
95,CT,Fairfield County,Westport,O6880,,Online News Organization,Fairfield
96,DE,Kent County,Milford,Milford Live,milfordlive.com,Online News Organization,Kent
97,DE,New Castle County,Newark,Delaware Business Now,delawarebusinessnow.com,Online News Organization,New Castle
98,DE,County,,Technical.ly Delaware,https://technical.ly/delaware,Online News Organization,
99,DC,District of Columbia,District of Columbia,D.C. Witness,dcwitness.org,Online News Organization,District of Columbia
100,DC,District of Columbia,District of Columbia,Technical.ly D.C.,https://technical.ly/dc/,Online News Organization,District of Columbia
101,DC,District of Columbia,District of Columbia,PoPville,popville.com,Online News Organization,District of Columbia
102,DC,District of Columbia,District of Columbia,Greater Greater Washington,ggwash.org,Online News Organization,District of Columbia
103,DC,District of Columbia,District of Columbia,New Columbia Heights,http://newcolumbiaheights.blogspot.com/,Online News Organization,District of Columbia
104,FL,Polk County,Lakeland,LKLD Now,lkldnow.com,Online News Organization,Polk
105,FL,Orange County,Apopka,Apopka Voice,theapopkavoice.com,Online News Organization,Orange
106,FL,Broward County,Fort Lauderdale,Florida Bulldog,browardbulldog.org,Online News Organization,Broward
107,FL,Orange County,Orlando,Bungalower,bungalower.com,Online News Organization,Orange
108,FL,Miami-Dade County,Miami,The New Tropic,thenewtropic.com,Online News Organization,Miami-Dade
109,FL,Brevard County,Melbourne,Space Coast Daily,spacecoastdaily.com,Online News Organization,Brevard
110,FL,Pinellas County,Saint Petersburg,Florida Center for Investigative Reporting,fcir.org,Online News Organization,Pinellas
111,FL,Miami-Dade County,Coconut Grove,Coconut Grove Grapevine,coconutgrovegrapevine.com,Online News Organization,Miami-Dade
112,FL,Pinellas County,Saint Petersburg,Saint Peters Blog,http://saintpetersblog.com,Online News Organization,Pinellas
113,GA,DeKalb County,Atlanta,Georgia Health News,georgiahealthnews.com,Online News Organization,DeKalb
114,GA,DeKalb County,Decatur,Decaturish,decaturish.com,Online News Organization,DeKalb
115,GA,DeKalb County,Atlanta,Georgia News Lab,georgianewslab.org,Online News Organization,DeKalb
116,GA,Cobb County,Smyrna,Cobb County Courier,riveredges.com,Online News Organization,Cobb
117,GA,DeKalb County,Atlanta,Project Q Atlanta,projectq.us,Online News Organization,DeKalb
118,GA,DeKalb County,Decatur,Decatur Metro,decaturmetro.com,Online News Organization,DeKalb
119,GA,Walton County,Monroe,Monroe Local,monroelocal.org,Online News Organization,Walton
120,GA,Cobb County,Marietta,East Cobb News,eastcobbnews.com,Online News Organization,Cobb
121,GA,Habersham County,Clarkesville,Now Habersham,nowhabersham.com,Online News Organization,Habersham
122,Georgia/SC,County,Central Savannah River Area,CSRA Kids,https://csrakids.com/,Online News Organization,
123,HI,Honolulu County,Honolulu,Honolulu Civil Beat,civilbeat.org,Online News Organization,Honolulu
124,IA,Mahaska County,Oskaloosa,Oscaloosa News,oskynews.org,Online News Organization,Mahaska
125,IA,Johnson County,Iowa City,Iowa Watch,iowawatch.org,Online News Organization,Johnson
126,IA,Clay County,Spencer,Lakes Business News,lakesbusinessnews.com,Online News Organization,Clay
127,IA,Dallas County,Perry,The Perry News,theperrynews.com,Online News Organization,Dallas
128,ID,Bonneville County,Idaho Falls,East Idaho News,eastidahonews.com,Online News Organization,Bonneville
129,ID,Ada County,Boise,Boise Guardian,boiseguardian.com,Online News Organization,Ada
130,ID,Ada County,Boise,Boise Dev,boisedev.com,Online News Organization,Ada
131,IL,Lake County,Highwood,Daily North Shore,dailynorthshore.com,Online News Organization,Lake
132,IL,Cook County,Evanston,Evanston Now,evanstonnow.com,Online News Organization,Cook
133,IL,Cook County,Chicago,City Bureau,citybureau.org,Online News Organization,Cook
134,IL,Cook County,Elmhurst,Elmhurst Titan,elmhurst-titan.com,Online News Organization,Cook
135,IL,Cook County,Chicago,Urban Broadcast Media,http://urbanbroadcastmedia.com/,Online News Organization,Cook
136,IL,Cook County,Park Forest,eNews Park Forest,enewspf.com,Online News Organization,Cook
137,IL,Cook County,Chicago,DePriest Voters,depriestvoters.net,Online News Organization,Cook
138,IL,Cook County,Chicago,Logan Squarist,logansquarist.com,Online News Organization,Cook
139,IL,Cook County,Homewood,Homewood-Flossmoor Chronicle,hfchronicle.com,Online News Organization,Cook
140,IL,Cook County,Maywood,Village Free Press,thevillagefreepress.org,Online News Organization,Cook
141,IL,Cook County,Chicago,The Daily Line,thedailyline.net,Online News Organization,Cook
142,IL,Cook County,Chicago,Block Club Chicago,http://news.joincivil.com/block-club-chicago/,Online News Organization,Cook
143,IL,Cook County,Chicago,Happenstance,happenstanceapp.com,Online News Organization,Cook
144,IL,Cook County,Chicago,Chicago Reporter,http://chicagoreporter.com/,Online News Organization,Cook
145,IL,Cook County,Chicago,Austin Talks,austintalks.org,Online News Organization,Cook
146,IL,Lake County,Wadsworth,The You Journal,theyoujournal.com,Online News Organization,Lake
147,IL,Woodford County,Metamora,Metamora Herald,metamoraherald.com,Online News Organization,Woodford
148,IL,Madison County,Alton,Riverbender,riverbender.com,Online News Organization,Madison
149,IL,Champaign County,Champaign,Investigate Midwest,investigatemidwest.org,Online News Organization,Champaign
150,IL,Cook County,Edgewater,Edgeville Buzz,edgevillebuzz.com,Online News Organization,Cook
151,IL,Cook County,Chicago,Logan Squarist,logansquarist.com,Online News Organization,Cook
152,IN,Marion County,Indianapolis,Indy Politics,indypolitics.org,Online News Organization,Marion
153,IN,Bartholomew County,Hope,HSJ Online,hsjonline.org,Online News Organization,Bartholomew
154,IN,Marion County,Indianapolis,NUVO,nuvo.com,Online News Organization,Marion
155,IN,Dubois County,Huntingburg,Dubois County Free Press,duboiscountyfreepress.com,Online News Organization,Dubois
156,IN,Delaware County,Muncie,Muncie Voice,muncievoice.com,Online News Organization,Delaware
157,KS,Johnson County,Shawnee,Shawnee Mission Post,shawneemissionpost.com,Online News Organization,Johnson
158,KY,Jefferson County,Louisville,Kentucky Center for Investigative Reporting,kycir.org,Online News Organization,Jefferson
159,KY,Ohio County,Beaver Dam,Ohio County Monitor,ocmonitor.com,Online News Organization,Ohio
160,KY,Kenton County,Edgewood,KY Forward,kyforward.com,Online News Organization,Kenton
161,KY,Jefferson County,Louisville,Insider Louisville,insiderlouisville.com,Online News Organization,Jefferson
162,LA,Orleans Parish,New Orleans,Uptown Messenger,uptownmessenger.com,Online News Organization,Orleans Parish
163,LA,Orleans Parish,New Orleans,Mid-City Messenger,midtownmessenger.com,Online News Organization,Orleans Parish
164,LA,Orleans Parish,New Orleans,The Lens NOLA,thelensnola.org,Online News Organization,Orleans Parish
165,LA,Orleans Parish,New Orleans,Gentilly Messenger,gentillymessenger.com,Online News Organization,Orleans Parish
166,LA,Orleans Parish,New Orleans,Silicon Bayou News,siliconbayounews.com,Online News Organization,Orleans Parish
167,MA,Suffolk County,Boston,Universal Hub,universalhub.com,Online News Organization,Suffolk
168,MA,Middlesex County,Medford,Inside Medford,insidemedford.com,Online News Organization,Middlesex
169,MA,Middlesex County,Groton,The Groton Line,thegrotonline.com,Online News Organization,Middlesex
170,MA,Middlesex County,Tewksbury,Your Tewksbury Today,yourtewksburytoday.com,Online News Organization,Middlesex
171,MA,Norfolk County,Wellesley,Swellesley Report,theswellesleyreport.com,Online News Organization,Norfolk
172,MA,Middlesex County,Arlington,Your Arlington,yourarlington.com,Online News Organization,Middlesex
173,MA,Suffolk County,Boston,New England Center for Investigative Reporting,eye.necir.org,Online News Organization,Suffolk
174,MA,Middlesex County,Belmont,Belmontonian,belmontonian.com,Online News Organization,Middlesex
175,MA,Middlesex County,Bedford,Bedford Citizen,thebedfordcitizen.org,Online News Organization,Middlesex
176,MA,Suffolk County,Boston,Open Media Boston,openmediaboston.org,Online News Organization,Suffolk
177,MA,Berkshire County,Williamstown,Greylock Glass,greylockglass.com,Online News Organization,Berkshire
178,MA,Essex County,Rowley,Localne.ws,thelocalne.ws,Online News Organization,Essex
179,MA,Worcester County,Worcester,Go Local Worcester,golocalworcester.com,Online News Organization,Worcester
180,MA,Middlesex County,Westford,Westford CAT News,westfordcat.org,Online News Organization,Middlesex
181,MA,Middlesex County,Cambridge,Cambridge Day,cambridgeday.com,Online News Organization,Middlesex
182,MA,Berkshire County,Pittsfield,The Berkshire Edge,theberkshireedge.com,Online News Organization,Berkshire
183,MA,Worcester County,Worcester,Worcester Sun,worcester.ma,Online News Organization,Worcester
184,MA,Suffolk County,Boston,North End Waterfront,northendwaterfront.com,Online News Organization,Suffolk
185,MA,Plymouth County,Plymouth,Manomet Current,manometcurrent.com,Online News Organization,Plymouth
186,MA,Berkshire County,North Adams,iBerkshires,iberkshires.com,Online News Organization,Berkshire
187,MA,Norfolk County,Wrentham,Wrentham Times,wrenthamtimes.com/,Online News Organization,Norfolk
188,MA,Middlesex County,Framingham,Framingham Source,framinghamsource.com,Online News Organization,Middlesex
189,MA,Essex County,Haverhill,Banyan Project,banyanproject.coop,Online News Organization,Essex
190,MA,Middlesex County,Hopkinton,Hopkinton News,http://www.hopnews.com/,Online News Organization,Middlesex
191,MA,Suffolk County,Jamaica Plain,Jamaica Plain News,jamaicaplainnews.com,Online News Organization,Suffolk
192,MA,Middlesex County,Watertown,Watertown MA News,watertownmanews.com,Online News Organization,Middlesex
193,MA,Barnstable County,Cape Cod,Cape Cod Today,capecodtoday.com,Online News Organization,Barnstable
194,MD,Baltimore City,Baltimore,Technical.ly Baltimore,https://technical.ly/baltimore,Online News Organization,Baltimore city
195,MD,Kent County,Chestertown,Chestertown Spy,chestertownspy.org,Online News Organization,Kent
196,MD,Baltimore City,Baltimore,Baltimore Brew,baltimorebrew.com,Online News Organization,Baltimore city
197,MD,Baltimore City,Baltimore,SouthBMore.com,SouthBmore.com,Online News Organization,Baltimore city
198,MD,Montgomery County,Germantown,Germantown Pulse,germantownpulse.net,Online News Organization,Montgomery
199,MD,Howard County,Columbia,Maryland Reporter,marylandreporter.com,Online News Organization,Howard
200,MD,Montgomery County,Rockville,MyMCMedia,mymcmedia.org,Online News Organization,Montgomery
201,MD,Harford County,Bel Air,Bel Air News and Views,belairnewsandviews.com,Online News Organization,Harford
202,MD,Montgomery County,Bethesda,Bethesda Beat,bethesdabeat.com,Online News Organization,Montgomery
203,MD,Baltimore City,Baltimore,Baltimore Fishbowl,baltimorefishbowl.com,Online News Organization,Baltimore city
204,MD,Montgomery County,Takoma Park,Maryland Matters,marylandmatters.org,Online News Organization,Montgomery
205,MD,"Harford County, Maryland County",Harford,Dagger Press,daggerpress.com,Online News Organization,Harford
206,ME,Aroostook County,Madawaska,Fiddlehead Focus,fiddleheadfocus.com,Online News Organization,Aroostook
207,ME,Franklin County,Farmington,Daily Bulldog,dailybulldog.com,Online News Organization,Franklin
208,ME,Kennebec County,Hallowell,Pine Tree Watchdog,pinetreewatchdog.org,Online News Organization,Kennebec
209,ME,Penobscot County,Bangor,Maine Edge,themaineedge.com,Online News Organization,Penobscot
210,MI,Clinton County,East Lansing,East Lansing Info,eastlansinginfo.com,Online News Organization,Clinton
211,MI,Wayne County,Detroit,Detour Detroit,http://detourdetroiter.com/,Online News Organization,Wayne
212,MI,Oakland County,Ferndale,Oakland County 115,http://oaklandcounty115.com/,Online News Organization,Oakland
213,MI,Jackson County,Jackson,Jacksonopolis,jacksonopolis.com,Online News Organization,Jackson
214,MI,Clinton County,Lansing,Great Lakes Echo,greatlakesecho.org,Online News Organization,Clinton
215,MI,Wayne County,Detroit,Bridge Michigan,bridgemi.com,Online News Organization,Wayne
216,MI,Ionia County,Portland,The Portland Beacon,theportlandbeacon.com,Online News Organization,Ionia
217,MI,Genesee County,Flint,Flint Beat,flintbeat.com,Online News Organization,Genesee
218,MI,Kent County,Grand Rapids,Local Spins,localspins.com,Online News Organization,Kent
219,MI,Oakland County,Farmington,Farmington Voice,http://farmingtonvoice.com/,Online News Organization,Oakland
220,MI,Kent County,Grand Rapids,The Rapidian,therapidian.org,Online News Organization,Kent
221,MI,Washtenaw County,Chelsea,Chelsea Update,chelseaupdate.com,Online News Organization,Washtenaw
222,MI,Kent County,Grand Rapids,GR Kids,,Online News Organization,Kent
223,MI,Wayne County,Detroit,Motor City Muckracker,motorcitymuckraker.com,Online News Organization,Wayne
224,MI,Wayne County,Livonia,Redford Sentinel,redfordsentinel.com,Online News Organization,Wayne
225,MI,Washtenaw County,Saline,The Saline Post,thesalinepost.com,Online News Organization,Washtenaw
226,MI,Lenawee County,Adrian,Adrian Today,adriantoday.com,Online News Organization,Lenawee
227,MN,Hennepin County,Minneapolis,Twin Cities Daily Planet,tcdailyplanet.net,Online News Organization,Hennepin
228,MN,Hennepin County,Minneapolis,MinnPost,minnpost.com,Online News Organization,Hennepin
229,MN,Ramsey County,St. Paul,Midwest Energy News,midwestenergynews.com,Online News Organization,Ramsey
230,MN,Wright County,Albertville,North Wright County Today,northwrightcounty.today,Online News Organization,Wright
231,MN,Washington County,Stillwater,Stillwater Current,stillwatercurrent.com,Online News Organization,Washington
232,MO,St. Louis County,Brentwood,40 South News,40southnews.com,Online News Organization,St. Louis
233,MO,Boone County,Columbia,Columbia Heartbeat,columbiaheartbeat.com,Online News Organization,Boone
234,MO,St. Charles County,Josephville,70 West Sentinel,https://www.70westsentinel.com/,Online News Organization,St. Charles
235,MS,Madison County,Ridgeland,Mississippi Today,Mississippitoday.org,Online News Organization,Madison
236,MT,Yellowstone County,Billings,Last Best News,lastbestnews.com,Online News Organization,Yellowstone
237,MT,Cascade County,Great Falls,The Electric,theelectricgf.com,Online News Organization,Cascade
238,MT,Yellowstone County,Billings,Montana Center for Investigative Reporting,mtcir.org,Online News Organization,Yellowstone
239,MT,Lewis and Clark County,Helena,Montana Free Press,montanafreepress.org,Online News Organization,Lewis and Clark
240,MT,Missoula County,Missoula,Missoula Current,missoulacurrent.com,Online News Organization,Missoula
241,NC,Buncombe County,Asheville,Carolina Public Press,carolinapublicpress.org,Online News Organization,Buncombe
242,NC,Forsyth County,Winston-Salem,Camel City Dispatch,camelcitydispatch.com,Online News Organization,Forsyth
243,NC,Bladen County,Elizabethtown,Bladen Online,bladenonline.com,Online News Organization,Bladen
244,NC,Caldwell County,Blowing Rock,Blowing Rock News,blowingrocknews.com,Online News Organization,Caldwell
245,NC,Mecklenburg County,Charlotte,Q City Metro,qcitymetro.com,Online News Organization,Mecklenburg
246,NC,Chatham County,Cary,Cary Citizen,carycitizen.com,Online News Organization,Chatham
247,NC,Pitt County,Greenville,Pitt County Post,pittcountypost.com,Online News Organization,Pitt
248,NC,Carteret County,Newport,Coastal Review Online,coastalreview.org,Online News Organization,Carteret
249,NC,Durham County,Durham,Durham Sky Writer,durhamskywriter.com,Online News Organization,Durham
250,NC,Craven County,New Bern,New Bern Post,newbernpost.com,Online News Organization,Craven
251,NC,Durham County,Chapel Hill,North Carolina Health News,northcarolinahealthnews.org,Online News Organization,Durham
252,NC,Mecklenburg County,Charlotte,Charlotte Agenda,charlotteagenda.com,Online News Organization,Mecklenburg
253,NC,Craven County,New Bern,New Bern Now,newbernnow.com,Online News Organization,Craven
254,ND,Cass County,Fargo,Building the Bakken,thecrudelife.com,Online News Organization,Cass
255,NH,Hillsborough County,Manchester,Manchester Ink Link,manchesterinklink.com,Online News Organization,Hillsborough
256,NH,Hillsborough County,Peterborough,Monadnock Beat,monadnockbeat.com,Online News Organization,Hillsborough
257,NH,Strafford County,Barrington,In Depth New Hampshire,indepthnh.org,Online News Organization,Strafford
269,NJ,Monmouth County,Asbury Park,Asbury Park Sun,http://asburyparksun.com/,Online News Organization,Monmouth
306,NJ,Atlantic County,Atlantic City,Breaking AC,breakingac.com,Online News Organization,Atlantic
312,NJ,Atlantic County,Atlantic City,AC Primetime,acprimetime.com,Online News Organization,Atlantic
265,NJ,Union County,Berkeley Heights,TAP into Berkeley Heights,http://thealternativepress.com/towns/berkeley-heights,Online News Organization,Union
270,NJ,Ocean County,Brick,Brick Shorebeat,brick.shorebeat.com,Online News Organization,Ocean
260,NJ,Somerset County,Bridgewater,TAP into The Breeze,http://thealternativepress.com/towns/bridgewater-raritan,Online News Organization,Somerset
313,NJ,Atlantic County,Brigantine,Brigantine Now,brigantinenow.com,Online News Organization,Atlantic
276,NJ,Essex County,Caldwell,Jersey Tomato Press,http://thejerseytomatopress.com/,Online News Organization,Essex
311,NJ,Camden County,Camden,NJ Pen,www.njpen.com,Online News Organization,Camden
278,NJ,Morris County,Chatham,TAP into Chatham,http://tapinto.net/towns/scotch-plains-slash-fanwood,Online News Organization,Morris
280,NJ,Union County,Clark,TAP into Clark,http://thealternativepress.com/towns/clark,Online News Organization,Union
261,NJ,Union County,Cranford,Cranford Radio,www.cranfordradio.com,Online News Organization,Union
322,NJ,Union County,Cranford,Hidden NJ,http://www.hiddennj.com,Online News Organization,Union
283,NJ,Middlesex County,Dunellen,Dunellen 411,www.dunellen411.com,Online News Organization,Middlesex
316,NJ,Essex County,East Orange,TAP into East Orange,http://thealternativepress.com/towns/east-orange,Online News Organization,Essex
308,NJ,Middlesex County,Edison,TAP into Edison,http://thealternativepress.com/towns/edison,Online News Organization,Middlesex
262,NJ,Sussex County,Franklin,Franklin Reporter & Advocate,franklinreporter.com,Online News Organization,Sussex
296,NJ,Hunterdon County,Frenchtown,NJ Environment News,http://njenvironmentnews.com/,Online News Organization,Hunterdon
300,NJ,Bergen County,Glen Rock,Banana Tree News/Glen Rock News today,bananatreenews.com,Online News Organization,Bergen
263,NJ,Camden County,Gloucester City,Gloucester City News,cnbnews.net,Online News Organization,Camden
289,NJ,Sussex County,Hardyston,TAP into Hardyston,http://tapinto.net/towns/millburn-slash-short-hills,Online News Organization,Sussex
318,NJ,Middlesex County,Highland Park,Highland Park Planet,www.highlandparkplanet.org,Online News Organization,Middlesex
288,NJ,Hudson County,Hoboken,Hoboken Girl,http://hobokengirl.com/,Online News Organization,Hudson
328,NJ,Hudson County,Hoboken,Hudson Mile Square View,http://www.hobokenhorse.com/,Online News Organization,Hudson
287,NJ,Monmouth County,Holmdel,Tap Into Holmdel,tapintoholmdel.net,Online News Organization,Monmouth
333,NJ,Mercer County,Hopewell Valley,MercerMe,http://www.mercerme.com,Online News Organization,Mercer
267,NJ,Hudson County,Jersey City,Jersey City Independent,jerseycityindependent.com,Online News Organization,Hudson
279,NJ,Ocean County,Lakewood,Lakewood Scoop,www.thelakewoodscoop.com,Online News Organization,Ocean
258,NJ,Hunterdon County,Lebanon,Super Aging NJ,www.superagingnj.com,Online News Organization,Hunterdon
271,NJ,Essex County,Livingston,TAP into Livingston,http://thealternativepress.com/towns/livingston,Online News Organization,Essex
285,NJ,Morris County,Madison,TAP into Madison,http://tapinto.net/towns/scotch-plains-slash-fanwood,Online News Organization,Morris
310,NJ,Essex County,Maplewood,Village Green,villagegreennj.com,Online News Organization,Essex
264,NJ,Atlantic County,Margate City,Route 40 News,www.rtforty.com,Online News Organization,Atlantic
314,NJ,Atlantic County,Margate City,Down Beach Buzz,downbeachbuzz.com,Online News Organization,Atlantic
274,NJ,Essex County,Millburn,TAP into Millburn,www.tapintomillburn.net,Online News Organization,Essex
331,NJ,Monmouth County,Monmouth,More Monmouth Musings,http://www.moremonmouthmusings.net/,Online News Organization,Monmouth
297,NJ,Essex County,Montclair,NJ Spotlight,njspotlight.com,Online News Organization,Essex
305,NJ,Essex County,Montclair,Baristanet,baristanet.com,Online News Organization,Essex
309,NJ,Essex County,Montclair,New Jersey Property Tax Reporter,,Online News Organization,Essex
317,NJ,Essex County,Montclair,TAP into Montclair,http://thealternativepress.com/towns/montclair,Online News Organization,Essex
302,NJ,Morris County,Morristown,Morristown Green,www.morristowngreen.com,Online News Organization,Morris
324,NJ,Morris County,Morristown,TAP into Morristown,http://thealternativepress.com/towns/morristown,Online News Organization,Morris
268,NJ,Middlesex County,New Brunswick,New Brunswick Today,www.newbrunswicktoday.com,Online News Organization,Middlesex
295,NJ,Middlesex County,New Brunswick,Muckgers,muckgers.com,Online News Organization,Middlesex
266,NJ,Union County,New Providence,TAP into New Providence,http://thealternativepress.com/towns/new-providence,Online News Organization,Union
259,NJ,Essex County,Newark,Brick City Live,brickcitylive.com,Online News Organization,Essex
320,NJ,Essex County,Newark,EWR Zone,EWRzone.com,Online News Organization,Essex
325,NJ,Essex County,Newark,Newark Pulse,newarkpulse.com,Online News Organization,Essex
290,NJ,Sussex County,Newton,TAP into Newton,http://tapinto.net/towns/summit,Online News Organization,Sussex
277,NJ,Cape May County,Ocean City,OC NJ Daily,ocnjdaily.com,Online News Organization,Cape May
293,NJ,Monmouth County,Ocean Grove,Jersey Shore Insider,jerseyshoreinsider.com,Online News Organization,Monmouth
330,NJ,Morris County,Parsippany,Parsippany Focus,parsippanyfocus.com,Online News Organization,Morris
286,NJ,Passaic County,Paterson,Paterson Times,www.patersontimes.com,Online News Organization,Passaic
319,NJ,Middlesex County,Perth Amboy,Amboy Guardian,amboyguardian.com,Online News Organization,Middlesex
275,NJ,Ocean County,Point Pleasant Beach,Jersey Bites,jerseybites.com,Online News Organization,Ocean
303,NJ,Mercer County,Princeton,Planet Princeton,planetprinceton.com,Online News Organization,Mercer
307,NJ,Union County,Rahway,Rahway Rising,www.rahwayrising.com,Online News Organization,Union
327,NJ,Morris County,Randolph,TAP into Randolph,http://thealternativepress.com/towns/randolph,Online News Organization,Morris
334,NJ,Monmouth County,Redbank,Redbank Green,redbankgreen.com,Online News Organization,Monmouth
301,NJ,Union County,Roselle Park,TAP into Roselle Park,http://tapinto.net/towns/roselle-park,Online News Organization,Union
321,NJ,Union County,Roselle Park,Roselle Park News,http://www.roselleparknews.org/,Online News Organization,Union
298,NJ,Union County,Scotch Plains,TAP into Scotch Plains,http://tapinto.net/towns/hardyston,Online News Organization,Union
299,NJ,Essex County,Short Hills,TAP into Short Hills,http://tapinto.net/towns/sussex,Online News Organization,Essex
337,NJ,County,south jersey,SNJToday.com,snjtoday.com,Online News Organization,
332,NJ,Essex County,South Orange,TAP into SOMA,www.tapintosoma.net,Online News Organization,Essex
338,NJ,Essex County,South Orange,South Orange Maplewood Online Radio Experience,http://somore.org/,Online News Organization,Essex
273,NJ,Middlesex County,South Plainfield,TAP into South Plainfield,http://thealternativepress.com/towns/south-plainfield,Online News Organization,Middlesex
335,NJ,"Ocean County, New Jersey County",South Seaside Park,Jersey Shore Hurricane News,jhsn.org,Online News Organization,Ocean
291,NJ,Sussex County,Sparta,TAP into Sparta,http://thealternativepress.com/towns/sparta,Online News Organization,Sussex
281,NJ,Monmouth County,Spring Lake,New Jersey Stage,www.newjerseystage.com,Online News Organization,Monmouth
282,NJ,Union County,Summit,TAP into Summit,http://tapinto.net/towns/newton,Online News Organization,Union
323,NJ,Union County,Summit,Civic Story,civicstory.org,Online News Organization,Union
292,NJ,Sussex County,Sussex,TAP into Sussex,http://tapinto.net/towns/sparta,Online News Organization,Sussex
304,NJ,Mercer County,Trenton,Planet Trenton,planettrenton.org,Online News Organization,Mercer
315,NJ,Sussex County,Vernon,TAP into Vernon,http://tapinto.net/towns/berkeley-heights,Online News Organization,Sussex
326,NJ,Essex County,Verona,My Verona NJ,myveronanj.com,Online News Organization,Essex
336,NJ,Essex County,West Essex,TAP into West Essex,http://thealternativepress.com/towns/west-essex,Online News Organization,Essex
272,NJ,Essex County,West Orange,TAP into West Orange,http://thealternativepress.com/towns/west-orange,Online News Organization,Essex
284,NJ,Union County,Westfield,TAP into Westfield,http://thealternativepress.com/towns/westfield,Online News Organization,Union
294,NJ,Bergen County,Westwood,Cliffview Pilot,cliffviewpilot.com,Online News Organization,Bergen
329,NJ,County,,NJNext.com,https://njnext.com/,Online News Organization,
339,NM,Bernalillo County,Albuquerque,Duke City Fix,dukecityfix.com,Online News Organization,Bernalillo
340,NM,Taos County,Red River,Sangre de Cristo Chronicle,sangrechronicle.com,Online News Organization,Taos
341,NM,Doña Ana County,Las Cruces,NMPolitics.net,NMPolitics.net,Online News Organization,Dona Ana
342,NM,Bernalillo County,Albuquerque,New Mexico Compass,nmcompass.com,Online News Organization,Bernalillo
343,NM,Grant County,Silver City,Grant County Beat,grantcountybeat.com,Online News Organization,Grant
344,NM,Santa Fe County,Santa Fe,Searchlight New Mexico,searchlightnm.com,Online News Organization,Santa Fe
345,NM,Bernalillo County,Rio Rancho,New Mexico In-Depth,nmindepth.com,Online News Organization,Bernalillo
346,NV,Washoe County,Reno,This is Reno,thisisreno.com,Online News Organization,Washoe
347,NV,Clark County,Las Vegas,The Nevada Independent,thenevadaindependent.com,Online News Organization,Clark
348,NV,"Lyon County, Nevada County",Silver Springs,Sagebrush Rider,https://www.sagebrushrider.com/,Online News Organization,Lyon
349,NV,Carson City,Carson,Carson Now,carsonnow.org,Online News Organization,Carson City
350,NY,Saratoga County,Ballston Spa,Ballston Journal,theballstonjournal.com,Online News Organization,Saratoga
351,NY,Kings County,Brooklyn,BK Reader,bkreader.com,Online News Organization,Kings
352,NY,Putnam County,Cold Spring,The Highlands Current,highlandscurrent.com,Online News Organization,Putnam
353,NY,Kings County,Brooklyn,Technical.ly Brooklyn,https://technical.ly/brooklyn,Online News Organization,Kings
354,NY,Suffolk County,Riverhead,Riverhead Local,riverheadlocal.com,Online News Organization,Suffolk
355,NY,Kings County,Brooklyn,BKLYNER,https://bklyner.com/,Online News Organization,Kings
356,NY,Kings County,Brooklyn,Bushwick Daily,bushwickdaily.com,Online News Organization,Kings
357,NY,Oswego County,Fulton,Oswego County Today,oswegocountytoday.com,Online News Organization,Oswego
358,NY,Genesee County,Batavia,The Batavian,thebatavian.com,Online News Organization,Genesee
359,NY,Erie County,Cheektowaga,Cheektowaga Chronicle,cheektowagachronicle.com,Online News Organization,Erie
360,NY,Westchester County,Pelham,Clear Health Costs,clearhealthcosts.com,Online News Organization,Westchester
361,NY,Erie County,Buffalo,Investigative Post,investigativepost.org,Online News Organization,Erie
362,NY,Kings County,Brooklyn,The Brownstoner,brownstoner.com,Online News Organization,Kings
363,NY,Livingston County,Geneseo,Genesee Sun,geneseesun.com,Online News Organization,Livingston
364,NY,Kings County,Brooklyn,Greenpointers,greenpointers.com,Online News Organization,Kings
365,NY,Suffolk County,Bellport,Bellport.com,bellport.com,Online News Organization,Suffolk
366,NY,Kings County,Brooklyn,Corner News Media,Bklyner.com,Online News Organization,Kings
367,NY,Westchester County,White Plains,West Chester Hispano,westchesterhispano.net,Online News Organization,Westchester
368,NY,Albany County,Albany,All About Albany,alloveralbany.com,Online News Organization,Albany
369,NY,Orange County,Port Jervis,Delaware Currents,delawarecurrents.org,Online News Organization,Orange
370,NY,Suffolk County,Patchogue,Greater Long Island,greaterlongisland.org,Online News Organization,Suffolk
371,NY,Tompkins County,Ithaca,Ithaca Voice,ithacavoice.com,Online News Organization,Tompkins
372,NY,Erie County,Buffalo,Buffalo Rising,buffalorising.com,Online News Organization,Erie
373,NY,Cortland County,Cortland,Cortland Voice,Cortlandvoice.com,Online News Organization,Cortland
374,NY,Westchester County,Larchmont,The Loop NY,theloopny.com,Online News Organization,Westchester
375,NY,Westchester County,New Rochelle,Talk of the Sound,newrochelletalk.com,Online News Organization,Westchester
376,NY,Kings County,Brooklyn,The Bridge BK,thebridgebk.com,Online News Organization,Kings
377,NY,Orleans County,Albion,Orleans Hub,orleanshub.com,Online News Organization,Orleans
378,NY,New York County,Manhattan,The Lo-Down,thelodownny.com,Online News Organization,New York
379,NY,Westchester County,New Castle,New Castle Now,newcastlenow.org,Online News Organization,Westchester
380,NY,Kings County,New York,Uptown Collective,uptowncollective.com,Online News Organization,Kings
381,NY,Greene County,Catskills,Watershed Post,watershedpost.com,Online News Organization,Greene
382,NY,Kings County,New York,City Limits,citylimits.org,Online News Organization,Kings
383,NY,Kings County,New York,Tribeca Citizen,tribecacitizen.com,Online News Organization,Kings
384,NY,Suffolk County,Southhold,Southhold Local,southholdlocal.com,Online News Organization,Suffolk
385,NY,Kings County,New York,Roosevelt Islander Online,http://rooseveltislander.blogspot.com/,Online News Organization,Kings
386,NY,Kings County,New York,Gotham Gazette,gothamgazette.com,Online News Organization,Kings
387,NY,Suffolk County,Huntington,Huntington Now,huntingtonnow.com,Online News Organization,Suffolk
388,OH,Summit County,Akron,The Akronist,akronist.com,Online News Organization,Summit
389,OH,Clermont County,Loveland,Loveland Magazine,lovelandmagazine.com,Online News Organization,Clermont
390,OH,Hardin County,Ada,Ada Icon,adaicon.com,Online News Organization,Hardin
391,OH,Allen County,Bluffton,Bluffton Icon,blufftonicon.com,Online News Organization,Allen
392,OH,Richland County,Mansfield,Richland Source,richlandsource.com,Online News Organization,Richland
393,OH,Greene County,Xenia,Xenia Word,xeniaword.com,Online News Organization,Greene
394,OH,Lorain County,Oberlin,Eye On Ohio,eyeonohio.org,Online News Organization,Lorain
395,OH,Delaware County,Columbus,Columbus Navigator,columbusnavigator.com,Online News Organization,Delaware
396,OH,Athens County,Athens,Appalachian News,appalachiannews.com,Online News Organization,Athens
397,OH,Cuyahoga County,Cleveland,Real Deal Press,therealdealpress.com/,Online News Organization,Cuyahoga
398,OH,Washington County,Marietta,Clutch MOV,clutchmov.com,Online News Organization,Washington
399,OH,Delaware County,Columbus,Columbus Underground,columbusunderground.com,Online News Organization,Delaware
400,OH,Gallia County,Gallia,Gallia Hometown Herald,,Online News Organization,Gallia
401,OH,Gallia County,Gallia County,Gallia Herald,http://galliahometownherald.com/,Online News Organization,Gallia
402,OK,Tulsa County,Jenks,The Frontier,readfrontier.com,Online News Organization,Tulsa
403,OK,Oklahoma County,Oklahoma City,Oklahoma City Free Press,freepressokc.com,Online News Organization,Oklahoma
404,OK,Cleveland County,Norman,Oklahoma Watch,oklahomawatch.org,Online News Organization,Cleveland
405,OK,Oklahoma County,Luther,Luther Register,lutherregister.news,Online News Organization,Oklahoma
406,OR,Washington County,Banks,Banks Post,bankspost.com,Online News Organization,Washington
407,OR,Hood River County,Hood River,Envirogorge,envirogorge.com,Online News Organization,Hood River
408,OR,Multnomah County,Portland,Bike Portland,bikeportland.org,Online News Organization,Multnomah
409,OR,Multnomah County,Portland,Go Local PDX,golocalpdx.com,Online News Organization,Multnomah
410,OR,Multnomah County,Portland,The Lund Report,thelundreport.org,Online News Organization,Multnomah
411,OR,Washington County,Gales Creek,Gales Creek Journal,galescreekjournal.com,Online News Organization,Washington
412,PA,Philadelphia County,Philadelphia,Passyunk Post,passyunkpost.com,Online News Organization,Philadelphia
413,PA,Philadelphia County,Philadelphia,Philadelphia Obituary Project,phillyobitproject.com,Online News Organization,Philadelphia
414,PA,Philadelphia County,Philadelphia,Technical.ly Philly,https://technical.ly/philly,Online News Organization,Philadelphia
415,PA,Centre County,State College,Onward State,onwardstate.com,Online News Organization,Centre
416,PA,Centre County,State College,State College.com,statecollege.com,Online News Organization,Centre
417,PA,Delaware County,Chadds Ford,Chadds Ford Live,chaddsfordlive.com,Online News Organization,Delaware
418,PA,Philadelphia County,Philadelphia,Billy Penn,billypenn.com,Online News Organization,Philadelphia
419,PA,Allegheny County,Pittsburgh,The Incline,theincline.com,Online News Organization,Allegheny
420,PA,Montgomery County,Sanatoga,Sanatoga Post,sanatogapost.com,Online News Organization,Montgomery
421,PA,Northampton County,Hellertown,Saucon Source,sauconsource.com,Online News Organization,Northampton
422,PA,Philadelphia County,Philadelphia,Hidden City Philadelphia,hiddencityphila.org,Online News Organization,Philadelphia
423,PA,Philadelphia County,Philadelphia,West Philly Local,westphillylocal.com,Online News Organization,Philadelphia
424,PA,Allegheny County,Pittsburgh,Public Source,publicsource.org,Online News Organization,Allegheny
425,PA,Philadelphia County,Philadelphia,East Falls Local,eastfallslocal.com,Online News Organization,Philadelphia
426,PA,Bucks County,Levittown,Levittown Now,levittownnow.com,Online News Organization,Bucks
427,PA,Allegheny County,Pittsburgh,Next Pittsburgh,nextpittsburgh.com,Online News Organization,Allegheny
428,PA,Centre County,State College,PSU Underground,psuunderground.com,Online News Organization,Centre
429,RI,Kent County,East Greenwich,East Greenwich News,eastgreenwichnews.com/,Online News Organization,Kent
430,RI,Providence County,Providence,Go Local Providence,golocalprov.com,Online News Organization,Providence
431,RI,Providence County,Providence,Eco RI,ecori.org,Online News Organization,Providence
432,RI,Newport County,Newport,WhatsUpNewp,whatsupnewp.com,Online News Organization,Newport
435,SC,Georgetown County,Georgetown,GAB News Online,gabnewsonline.com,Online News Organization,Georgetown
433,SC,Greenville County,Travelers Rest,Travelers Rest Tribune,trtribune.com,Online News Organization,Greenville
434,SC,Lexington County,Columbia,Carolina Panorama,carolinapanorama.com,Online News Organization,Lexington
436,SD,Pennington County,Rapid City,Black Hills Knowledge Network,blackhillsknowledgenetwork.org,Online News Organization,Pennington
437,SD,Minnehaha County,Sioux Falls,Sioux Falls Business,siouxfalls.business,Online News Organization,Minnehaha
438,SD,Minnehaha County,Sioux Falls,South Dakota News Watch,sdnewswatch.org,Online News Organization,Minnehaha
439,TN,Hamilton County,Chattanooga,Nooga.com,Nooga.com,Online News Organization,Hamilton
440,TN,Anderson County,Oak Ridge,Oak Ridge Today,oakridgetoday.com,Online News Organization,Anderson
441,TN,Davidson County,Nashville,Hispanic Nashville,hispanicnashville.com,Online News Organization,Davidson
442,TN,Hamilton County,Chattanooga,Chattanoogan,chattanoogan.com,Online News Organization,Hamilton
443,TN,Williamson County,Brentwood,Brentwood Home Page,brentwoodhomepage.com,Online News Organization,Williamson
444,TN,Williamson County,Franklin,Franklin Home Page,franklinhomepage.com,Online News Organization,Williamson
445,TN,Williamson County,Nolensville,Nolensville Home Page,nolensvillehomepage.com,Online News Organization,Williamson
446,TN,Maury County,Spring Hill,Spring Hill Home Page,springhillhomepage.com,Online News Organization,Maury
447,TN,Knox County,Knoxville,Knoxville TN Today,knoxtntoday.com,Online News Organization,Knox
448,TN,Gibson County,Rutherford,Rutherford Source,rutherfordsource.com,Online News Organization,Gibson
449,TN,Shelby County,Memphis,MLK 50,mlk50.com,Online News Organization,Shelby
450,TN,Davidson County,Antioch,AntiochTenn.com,antiochtenn.com,Online News Organization,Davidson
451,TN,Davidson County,Bellevue,Bellevue Home Page,bellevuehomepage.com,Online News Organization,Davidson
452,TN,Sumner County,Sumner,Sumner Home Page,sumnerhomepage.com,Online News Organization,Sumner
453,TN,Williamson County,Williamson,Williamson Source,williamsonsource.com,Online News Organization,Williamson
454,TX,Collin County,McKinney,Town Square Buzz,townsquarebuzz.com,Online News Organization,Collin
455,TX,Travis County,Austin,Austin Monitor,austinmonitor.com,Online News Organization,Travis
456,TX,Dallas County,Grand Prairie,Grand Prairie Reporter,grandprairiereporter.com,Online News Organization,Dallas
457,TX,Bexar County,San Antonio,NowCastSA,nowcastsa.org,Online News Organization,Bexar
458,TX,El Paso County,El Paso,El Paso Herald Post,epheraldpost.com,Online News Organization,El Paso
459,TX,Lamar County,Paris,Paris Free Press,,Online News Organization,Lamar
460,TX,Dallas County,Dallas,Dallas South News,dallassouthnews.org,Online News Organization,Dallas
461,TX,Fort Bend County,Katy,Covering Katy,coveringkaty.com,Online News Organization,Fort Bend
462,TX,Travis County,Austin,Texas Tribune,texastribune.com,Online News Organization,Travis
463,TX,Bowie County,Texarkana,TXK Today,txktoday.com,Online News Organization,Bowie
464,TX,Tom Green County,San Angelo,San Angelo Live,sanangelolive.com,Online News Organization,Tom Green
465,TX,Dallas County,Dallas,Green Source DFW,greensourcedfw.org,Online News Organization,Dallas
466,TX,Travis County,Austin,The Austin Bulldog,theaustinbulldog.org,Online News Organization,Travis
467,TX,Travis County,Austin,Silicon Hills News,siliconhillsnews.com,Online News Organization,Travis
468,TX,Dallas County,Dallas,Latina Lista,latinalista.com,Online News Organization,Dallas
469,TX,Tarrant County,Colleyville,Local News Only,localnewsonly.com,Online News Organization,Tarrant
470,TX,Bexar County,San Antonio,Folo Media,http://folomedia.org/,Online News Organization,Bexar
471,TX,Cameron County,Brownsville,Rio Grande Guadian,riograndeguardian.com,Online News Organization,Cameron
472,TX,Smith County,Tyler,The Tyler Loop,thetylerloop.com,Online News Organization,Smith
473,TX,Tarrant County,Arlington,The Arlington Voice,arlingtonvoice.com,Online News Organization,Tarrant
474,TX,Harris County,Houston,Space City Weather,spacecityweather.com,Online News Organization,Harris
475,UT,Utah County,Lehi,Lehi Free Press,lehifreepress.com,Online News Organization,Utah
476,VA,Richmond City,Richmond,Richmond Biz Sense,richmondbizsense.com,Online News Organization,Richmond city
477,VA,Charlottesville City,Charlottesville,Charlottesville Tomorrow,cvilletomorrow.org,Online News Organization,Charlottesville city
478,VA,Fredericksburg City,Fredericksburg,Fredericksburg Today,fredericksburg.today,Online News Organization,Fredericksburg city
479,VA,Fauquier County,Warrenton,Fauquier Now,fauquiernow.com/,Online News Organization,Fauquier
480,VA,Richmond City,Richmond,Church Hill People,chpn.net,Online News Organization,Richmond city
481,VA,Alexandria City,Alexandria,Covering the Corridor,coveringthecorridor.com,Online News Organization,Alexandria city
482,VA,Arlington County,Arlington,ARL Now,arlnow.com,Online News Organization,Arlington
483,VA,Fairfax County,Reston,Reston Now,restonnow.com,Online News Organization,Fairfax
484,VA,County,,Royal Examiner,,Online News Organization,
485,VA,Prince William County,Bristow,Bristow Beat,bristowbeat.com,Online News Organization,Prince William
486,VA,Arlington County,Arlington,DC Commute Times,dccommutetimes.com,Online News Organization,Arlington
487,VA,Stafford County,Stafford,Potomac Local,potomaclocal.com,Online News Organization,Stafford
488,Virgin Islands,County,,Virgin Island Consortium,viconsortium.com/,Online News Organization,
489,VT,Orleans County,Derby Line,Newport Dispatch,newportdispatch.com,Online News Organization,Orleans
490,VT,Washington County,Montpelier,VT Digger,vtdigger.com,Online News Organization,Washington
491,VT,Windsor County,Chester,Chester Telegraph,chestertelegraph.org,Online News Organization,Windsor
492,WA,King County,Seattle,My Ballard,myballard.com,Online News Organization,King
493,WA,King County,Seattle,Crosscut,crosscut.com,Online News Organization,King
494,WA,King County,Seattle,Seattle Globalist,seattleglobalist.com,Online News Organization,King
495,WA,King County,Seattle,Capitol Hill Seattle,capitolhillseattle.com,Online News Organization,King
496,WA,King County,Seattle,The Evergrey,theevergrey.com,Online News Organization,King
497,WA,King County,Seattle,Investigate West,invw.org,Online News Organization,King
498,WA,King County,Burien,B-Town Blog,b-townblog.com,Online News Organization,King
499,WA,King County,Kent,iLoveKent,https://www.ilovekent.net/,Online News Organization,King
500,WA,Snohomish County,Lynnwood,Lynwood Today,lynwoodtoday.com,Online News Organization,Snohomish
501,WA,Snohomish County,Mountlake Terrace,MLT News,mltnews.com,Online News Organization,Snohomish
502,WA,Snohomish County,Edmonds,My Edmonds News,myedmondsnews.com,Online News Organization,Snohomish
503,WA,King County,Seattle,West Seattle Blog,westseattleblog.com,Online News Organization,King
504,WA,Spokane County,Spokane,Spokane Faith and Values,spokanefavs.com,Online News Organization,Spokane
505,WA,King County,Seattle,Fremont Universe,fremontuniverse.com,Online News Organization,King
506,WA,King County,Seattle,Magnolia Voice,magnoliavoice.com,Online News Organization,King
507,WA,King County,Seattle,Maple Leaf Life,mapleleaflife.com,Online News Organization,King
508,WA,King County,Seattle,My Wallingford,mywallingford.com,Online News Organization,King
509,WA,Thurston County,Olympia,Olympia Standard,theolympiastandard.com,Online News Organization,Thurston
510,WA,King County,Seattle,PhinneyWood.com,phinneywood.com,Online News Organization,King
511,WA,King County,Seattle,Queen Anne View,queenanneview.com,Online News Organization,King
512,WA,King County,Seattle,U District Daily,udistrictdaily.com,Online News Organization,King
513,WA,King County,Seattle,Wedgewood View,wedgewoodview.com,Online News Organization,King
514,WA,County,,South King Media,,Online News Organization,
515,WI,Dane County,Madison,Wisconsin Watch,wisconsinwatch.org,Online News Organization,Dane
516,WI,Milwaukee County,Greendale,Everything Greendale,everythinggreendale.com,Online News Organization,Milwaukee
517,WI,Kenosha County,Salem,West of the I,westofthei.com,Online News Organization,Kenosha
518,WI,Milwaukee County,Milwaukee,Urban Milwaukee,urbanmilwaukee.com,Online News Organization,Milwaukee
519,WI,Racine County,Racine,Racine County Eye,racinecountyeye.com,Online News Organization,Racine
520,WI,Racine County,Burlington,The Drag Report,frednoer.com,Online News Organization,Racine
521,WI,Milwaukee County,Milwaukee,Milwaukee Record,milwaukeerecord.com,Online News Organization,Milwaukee
522,WI,Dane County,Madison,Madison 365,madison365.com,Online News Organization,Dane
523,WI,Milwaukee County,Milwaukee,Milwaukee Neighborhood News Service,milwaukeenns.org,Online News Organization,Milwaukee
524,WI,Marathon County,Wausa,Wausa Pilot and Review,wausapilotandreview.com,Online News Organization,Marathon
525,WI,Dunn County,Menonomie,Wis.Community,http://wis.community,Online News Organization,Dunn
526,WY,Sublette County,Pinedale,Pinedale Online,pinedaleonline.com,Online News Organization,Sublette
527,WY,Sweetwater County,Rock Springs,Sweetwater Now,sweetwaternow.com,Online News Organization,Sweetwater
528,WY,Laramie County,Cheyenne,Wyofile,wyofile.com,Online News Organization,Laramie
529,WY,Park County,Cody,Yellowstone Gate,yellowstonegate.com,Online News Organization,Park
